<?xml version="1.0" encoding="UTF-8"?>
<!DOCTYPE mapper PUBLIC "-//mybatis.org//DTD Mapper 3.0//EN" "http://mybatis.org/dtd/mybatis-3-mapper.dtd">
<mapper namespace="db.Lesson6.dao.ProductsMapper">
    <resultMap id="BaseResultMap" type="db.model.Products">
        <!--
          WARNING - @mbg.generated
          This element is automatically generated by MyBatis Generator, do not modify.
          This element was generated on Sat Feb 26 20:51:31 SAMT 2022.
        -->
        <id column="id" jdbcType="BIGINT" property="id" />
        <result column="title" jdbcType="VARCHAR" property="title" />
        <result column="price" jdbcType="INTEGER" property="price" />
        <result column="category_id" jdbcType="BIGINT" property="category_id" />
    </resultMap>
    <sql id="Example_Where_Clause">
        <!--
          WARNING - @mbg.generated
          This element is automatically generated by MyBatis Generator, do not modify.
          This element was generated on Sat Feb 26 20:51:31 SAMT 2022.
        -->
        <where>
            <foreach collection="oredCriteria" item="criteria" separator="or">
                <if test="criteria.valid">
                    <trim prefix="(" prefixOverrides="and" suffix=")">
                        <foreach collection="criteria.criteria" item="criterion">
                            <choose>
                                <when test="criterion.noValue">
                                    and ${criterion.condition}
                                </when>
                                <when test="criterion.singleValue">
                                    and ${criterion.condition} #{criterion.value}
                                </when>
                                <when test="criterion.betweenValue">
                                    and ${criterion.condition} #{criterion.value} and #{criterion.secondValue}
                                </when>
                                <when test="criterion.listValue">
                                    and ${criterion.condition}
                                    <foreach close=")" collection="criterion.value" item="listItem" open="(" separator=",">
                                        #{listItem}
                                    </foreach>
                                </when>
                            </choose>
                        </foreach>
                    </trim>
                </if>
            </foreach>
        </where>
    </sql>
    <sql id="Update_By_Example_Where_Clause">
        <!--
          WARNING - @mbg.generated
          This element is automatically generated by MyBatis Generator, do not modify.
          This element was generated on Sat Feb 26 20:51:31 SAMT 2022.
        -->
        <where>
            <foreach collection="example.oredCriteria" item="criteria" separator="or">
                <if test="criteria.valid">
                    <trim prefix="(" prefixOverrides="and" suffix=")">
                        <foreach collection="criteria.criteria" item="criterion">
                            <choose>
                                <when test="criterion.noValue">
                                    and ${criterion.condition}
                                </when>
                                <when test="criterion.singleValue">
                                    and ${criterion.condition} #{criterion.value}
                                </when>
                                <when test="criterion.betweenValue">
                                    and ${criterion.condition} #{criterion.value} and #{criterion.secondValue}
                                </when>
                                <when test="criterion.listValue">
                                    and ${criterion.condition}
                                    <foreach close=")" collection="criterion.value" item="listItem" open="(" separator=",">
                                        #{listItem}
                                    </foreach>
                                </when>
                            </choose>
                        </foreach>
                    </trim>
                </if>
            </foreach>
        </where>
    </sql>
    <sql id="Base_Column_List">
        <!--
          WARNING - @mbg.generated
          This element is automatically generated by MyBatis Generator, do not modify.
          This element was generated on Sat Feb 26 20:51:31 SAMT 2022.
        -->
        id, title, price, category_id
    </sql>
    <select id="selectByExample" parameterType="db.model.ProductsExample" resultMap="BaseResultMap">
        <!--
          WARNING - @mbg.generated
          This element is automatically generated by MyBatis Generator, do not modify.
          This element was generated on Sat Feb 26 20:51:31 SAMT 2022.
        -->
        select
        <if test="distinct">
            distinct
        </if>
        <include refid="Base_Column_List" />
        from products
        <if test="_parameter != null">
            <include refid="Example_Where_Clause" />
        </if>
        <if test="orderByClause != null">
            order by ${orderByClause}
        </if>
    </select>
    <select id="selectByPrimaryKey" parameterType="java.lang.Long" resultMap="BaseResultMap">
        <!--
          WARNING - @mbg.generated
          This element is automatically generated by MyBatis Generator, do not modify.
          This element was generated on Sat Feb 26 20:51:31 SAMT 2022.
        -->
        select
        <include refid="Base_Column_List" />
        from products
        where id = #{id,jdbcType=BIGINT}
    </select>
    <delete id="deleteByPrimaryKey" parameterType="java.lang.Long">
        <!--
          WARNING - @mbg.generated
          This element is automatically generated by MyBatis Generator, do not modify.
          This element was generated on Sat Feb 26 20:51:31 SAMT 2022.
        -->
        delete from products
        where id = #{id,jdbcType=BIGINT}
    </delete>
    <delete id="deleteByExample" parameterType="db.model.ProductsExample">
        <!--
          WARNING - @mbg.generated
          This element is automatically generated by MyBatis Generator, do not modify.
          This element was generated on Sat Feb 26 20:51:31 SAMT 2022.
        -->
        delete from products
        <if test="_parameter != null">
            <include refid="Example_Where_Clause" />
        </if>
    </delete>
    <insert id="insert" keyColumn="id" keyProperty="id" parameterType="db.model.Products" useGeneratedKeys="true">
        <!--
          WARNING - @mbg.generated
          This element is automatically generated by MyBatis Generator, do not modify.
          This element was generated on Sat Feb 26 20:51:31 SAMT 2022.
        -->
        insert into products (title, price, category_id
        )
        values (#{title,jdbcType=VARCHAR}, #{price,jdbcType=INTEGER}, #{category_id,jdbcType=BIGINT}
        )
    </insert>
    <insert id="insertSelective" keyColumn="id" keyProperty="id" parameterType="db.model.Products" useGeneratedKeys="true">
        <!--
          WARNING - @mbg.generated
          This element is automatically generated by MyBatis Generator, do not modify.
          This element was generated on Sat Feb 26 20:51:31 SAMT 2022.
        -->
        insert into products
        <trim prefix="(" suffix=")" suffixOverrides=",">
            <if test="title != null">
                title,
            </if>
            <if test="price != null">
                price,
            </if>
            <if test="category_id != null">
                category_id,
            </if>
        </trim>
        <trim prefix="values (" suffix=")" suffixOverrides=",">
            <if test="title != null">
                #{title,jdbcType=VARCHAR},
            </if>
            <if test="price != null">
                #{price,jdbcType=INTEGER},
            </if>
            <if test="category_id != null">
                #{category_id,jdbcType=BIGINT},
            </if>
        </trim>
    </insert>
    <select id="countByExample" parameterType="db.model.ProductsExample" resultType="java.lang.Long">
        <!--
          WARNING - @mbg.generated
          This element is automatically generated by MyBatis Generator, do not modify.
          This element was generated on Sat Feb 26 20:51:31 SAMT 2022.
        -->
        select count(*) from products
        <if test="_parameter != null">
            <include refid="Example_Where_Clause" />
        </if>
    </select>
    <update id="updateByExampleSelective" parameterType="map">
        <!--
          WARNING - @mbg.generated
          This element is automatically generated by MyBatis Generator, do not modify.
          This element was generated on Sat Feb 26 20:51:31 SAMT 2022.
        -->
        update products
        <set>
            <if test="record.id != null">
                id = #{record.id,jdbcType=BIGINT},
            </if>
            <if test="record.title != null">
                title = #{record.title,jdbcType=VARCHAR},
            </if>
            <if test="record.price != null">
                price = #{record.price,jdbcType=INTEGER},
            </if>
            <if test="record.category_id != null">
                category_id = #{record.category_id,jdbcType=BIGINT},
            </if>
        </set>
        <if test="_parameter != null">
            <include refid="Update_By_Example_Where_Clause" />
        </if>
    </update>
    <update id="updateByExample" parameterType="map">
        <!--
          WARNING - @mbg.generated
          This element is automatically generated by MyBatis Generator, do not modify.
          This element was generated on Sat Feb 26 20:51:31 SAMT 2022.
        -->
        update products
        set id = #{record.id,jdbcType=BIGINT},
        title = #{record.title,jdbcType=VARCHAR},
        price = #{record.price,jdbcType=INTEGER},
        category_id = #{record.category_id,jdbcType=BIGINT}
        <if test="_parameter != null">
            <include refid="Update_By_Example_Where_Clause" />
        </if>
    </update>
    <update id="updateByPrimaryKeySelective" parameterType="db.model.Products">
        <!--
          WARNING - @mbg.generated
          This element is automatically generated by MyBatis Generator, do not modify.
          This element was generated on Sat Feb 26 20:51:31 SAMT 2022.
        -->
        update products
        <set>
            <if test="title != null">
                title = #{title,jdbcType=VARCHAR},
            </if>
            <if test="price != null">
                price = #{price,jdbcType=INTEGER},
            </if>
            <if test="category_id != null">
                category_id = #{category_id,jdbcType=BIGINT},
            </if>
        </set>
        where id = #{id,jdbcType=BIGINT}
    </update>
    <update id="updateByPrimaryKey" parameterType="db.model.Products">
        <!--
          WARNING - @mbg.generated
          This element is automatically generated by MyBatis Generator, do not modify.
          This element was generated on Sat Feb 26 20:51:31 SAMT 2022.
        -->
        update products
        set title = #{title,jdbcType=VARCHAR},
        price = #{price,jdbcType=INTEGER},
        category_id = #{category_id,jdbcType=BIGINT}
        where id = #{id,jdbcType=BIGINT}
    </update>
</mapper>